{"polyfill":["/polyfill-b227d9031ab4094e5021.js"],"app":["/app-0c9c3be8e06dab4f47f8.js"],"component---src-pages-404-js":["/component---src-pages-404-js-ad751e2033d8d34805f4.js"],"component---src-pages-blogs-js":["/component---src-pages-blogs-js-69a06866842238ae10eb.js"],"component---src-pages-index-js":["/component---src-pages-index-js-1b618452dda1ca22497e.js"],"component---src-pages-projects-js":["/component---src-pages-projects-js-2a750416e2b18eafbc18.js"],"component---src-pages-using-typescript-tsx":["/component---src-pages-using-typescript-tsx-9f3bf311ed804b660208.js"],"component---src-templates-basic-page-js":["/component---src-templates-basic-page-js-02070d459c213c57e049.js"],"component---src-templates-blog-post-js":["/component---src-templates-blog-post-js-2ac16f49a9b1181a0844.js"],"component---src-templates-project-page-js":["/component---src-templates-project-page-js-be7607a894688e8c0238.js"]}