<?xml version="1.0" encoding="UTF-8"?><rss xmlns:dc="http://purl.org/dc/elements/1.1/" xmlns:content="http://purl.org/rss/1.0/modules/content/" xmlns:atom="http://www.w3.org/2005/Atom" version="2.0"><channel><title><![CDATA[Tauideas Blog RSS Feed]]></title><description><![CDATA[Showing technology to the world.]]></description><link>https://tauideas.tech</link><generator>GatsbyJS</generator><lastBuildDate>Tue, 28 Jun 2022 20:47:57 GMT</lastBuildDate><item><title><![CDATA[About our values]]></title><link>https://tauideas.tech/legal/about/</link><guid isPermaLink="false">https://tauideas.tech/legal/about/</guid><content:encoded></content:encoded></item><item><title><![CDATA[Cookie policy]]></title><description><![CDATA[Last updated: November 25, 2021 Introduction As any web page we need the use of cookies to store basic information to provide necessary…]]></description><link>https://tauideas.tech/legal/cookie_policy/</link><guid isPermaLink="false">https://tauideas.tech/legal/cookie_policy/</guid><content:encoded>&lt;p&gt;Last updated: November 25, 2021&lt;/p&gt;
&lt;h3&gt;Introduction&lt;/h3&gt;
&lt;p&gt;As any web page we need the use of cookies to store basic information to provide necessary website functionality.&lt;/p&gt;
&lt;h3&gt;Cookies used&lt;/h3&gt;
&lt;h4&gt;Consent cookie (Required)&lt;/h4&gt;
&lt;p&gt;Type: Persistent Cookies
Administered by: Us
Purpose: These Cookies identify if users have accepted the use of cookies on the Website.&lt;/p&gt;
&lt;h4&gt;Analytic Cookies (Optional)&lt;/h4&gt;
&lt;p&gt;Type: Persistent Cookies
Administered by: Third-Parties (Google)
Purpose: These Cookies are used to track information about traffic to the Website and how users use the Website. The information gathered via these Cookies may directly or indirectly identify you as an individual visitor. This is because the information collected is typically linked to a pseudonymous identifier associated with the device you use to access the Website. We may also use these Cookies to test new advertisements, pages, features or new functionality of the Website to see how our users react to them.&lt;/p&gt;
&lt;h3&gt;Your options to avoid the cookies&lt;/h3&gt;
&lt;p&gt;If You prefer to avoid the use of Cookies on the Website, first You must disable the use of Cookies in your browser and then delete the Cookies saved in your browser associated with this website. You may use this option for preventing the use of Cookies at any time.
If You do not accept Our Cookies, You may experience some inconvenience in your use of the Website and some features may not function properly.
If You’d like to delete Cookies or instruct your web browser to delete or refuse Cookies, please visit the help pages of your web browser.&lt;/p&gt;
&lt;h3&gt;Contact&lt;/h3&gt;
&lt;p&gt;You can contact with us in the mail &lt;a href=&quot;mailto:info@tauideas.com&quot;&gt;info@tauideas.com&lt;/a&gt;&lt;/p&gt;</content:encoded></item><item><title><![CDATA[Private policy]]></title><description><![CDATA[Last updated: November 25, 2021 Personal data Currently we don’t collect any personal data from this site (names, emails).
In case of you…]]></description><link>https://tauideas.tech/legal/privacy_policy/</link><guid isPermaLink="false">https://tauideas.tech/legal/privacy_policy/</guid><content:encoded>&lt;p&gt;Last updated: November 25, 2021&lt;/p&gt;
&lt;h3&gt;Personal data&lt;/h3&gt;
&lt;p&gt;Currently we don’t collect any personal data from this site (names, emails).
In case of you send us an email, we use the information that you provide to attend your requirements. This information are stored in the email engine.
We don’t share that information with other people or pages.&lt;/p&gt;
&lt;h3&gt;Usage the web&lt;/h3&gt;
&lt;p&gt;As any web page we need the use of cookies to store basic information to provide necessary website functionality.
You can see more detail in the  &lt;a href=&quot;./cookie_policy&quot;&gt;Cookies Policy&lt;/a&gt;&lt;/p&gt;
&lt;h3&gt;Analytics&lt;/h3&gt;
&lt;p&gt;We may use third-party Service providers to monitor and analyze the use of our Service.&lt;/p&gt;
&lt;h4&gt;Google Analytics&lt;/h4&gt;
&lt;p&gt;Google Analytics is a web analytics service offered by Google that tracks and reports website traffic. Google uses the data collected to track and monitor the use of our Service. This data is shared with other Google services. Google may use the collected data to contextualize and personalize the ads of its own advertising network.&lt;/p&gt;
&lt;p&gt;You can opt-out of having made your activity on the Service available to Google Analytics by installing the Google Analytics opt-out browser add-on. The add-on prevents the Google Analytics JavaScript (ga.js, analytics.js and dc.js) from sharing information with Google Analytics about visits activity.&lt;/p&gt;
&lt;p&gt;For more information on the privacy practices of Google, please visit the Google Privacy &amp;#x26; Terms web page: &lt;a href=&quot;https://policies.google.com/privacy&quot;&gt;https://policies.google.com/privacy&lt;/a&gt;&lt;/p&gt;</content:encoded></item><item><title><![CDATA[Terms and Conditions]]></title><description><![CDATA[Last updated: November 25, 2021 Please read these terms and conditions carefully before using Our Service. Interpretation and Definitions…]]></description><link>https://tauideas.tech/legal/terms_of_use/</link><guid isPermaLink="false">https://tauideas.tech/legal/terms_of_use/</guid><content:encoded>&lt;p&gt;Last updated: November 25, 2021&lt;/p&gt;
&lt;p&gt;Please read these terms and conditions carefully before using Our Service.&lt;/p&gt;
&lt;h2&gt;Interpretation and Definitions&lt;/h2&gt;
&lt;h3&gt;Interpretation&lt;/h3&gt;
&lt;p&gt;The words of which the initial letter is capitalized have meanings defined under the following conditions. The following definitions shall have the same meaning regardless of whether they appear in singular or in plural.&lt;/p&gt;
&lt;h3&gt;Definitions&lt;/h3&gt;
&lt;p&gt;For the purposes of these Terms and Conditions:&lt;/p&gt;
&lt;ol&gt;
&lt;li&gt;Affiliate means an entity that controls, is controlled by or is under common control with a party, where “control” means ownership of 50% or more of the shares, equity interest or other securities entitled to vote for election of directors or other managing authority.&lt;/li&gt;
&lt;li&gt;Country refers to:  Spain&lt;/li&gt;
&lt;li&gt;Company (referred to as either “the Company”, “We”, “Us” or “Our” in this Agreement) refers to Tauideas.&lt;/li&gt;
&lt;li&gt;Device means any device that can access the Service such as a computer, a cellphone or a digital tablet.&lt;/li&gt;
&lt;li&gt;Service refers to the Website.&lt;/li&gt;
&lt;li&gt;Terms and Conditions (also referred as “Terms”) mean these Terms and Conditions that form the entire agreement between You and the Company regarding the use of the Service. This Terms and Conditions agreement has been created with the help of the &lt;img src=&quot;https://www.termsfeed.com/terms-conditions-generator/&quot; alt=&quot;Terms and Conditions Generator&quot;&gt;&lt;/li&gt;
&lt;li&gt;Third-party Social Media Service means any services or content (including data, information, products or services) provided by a third-party that may be displayed, included or made available by the Service.&lt;/li&gt;
&lt;li&gt;Website refers to Tauideas, accessible from &lt;img src=&quot;https://www.tauideas.com&quot; alt=&quot;https://www.tauideas.com&quot;&gt;&lt;/li&gt;
&lt;/ol&gt;
&lt;p&gt;You means the individual accessing or using the Service, or the company, or other legal entity on behalf of which such individual is accessing or using the Service, as applicable.&lt;/p&gt;
&lt;h2&gt;Acknowledgment&lt;/h2&gt;
&lt;p&gt;These are the Terms and Conditions governing the use of this Service and the agreement that operates between You and the Company. These Terms and Conditions set out the rights and obligations of all users regarding the use of the Service.&lt;/p&gt;
&lt;p&gt;Your access to and use of the Service is conditioned on Your acceptance of and compliance with these Terms and Conditions. These Terms and Conditions apply to all visitors, users and others who access or use the Service.&lt;/p&gt;
&lt;p&gt;By accessing or using the Service You agree to be bound by these Terms and Conditions. If You disagree with any part of these Terms and Conditions then You may not access the Service.&lt;/p&gt;
&lt;p&gt;You represent that you are over the age of 18. The Company does not permit those under 18 to use the Service.&lt;/p&gt;
&lt;p&gt;Your access to and use of the Service is also conditioned on Your acceptance of and compliance with the Privacy Policy of the Company. Our Privacy Policy describes Our policies and procedures on the collection, use and disclosure of Your personal information when You use the Application or the Website and tells You about Your privacy rights and how the law protects You. Please read Our Privacy Policy carefully before using Our Service.&lt;/p&gt;
&lt;h2&gt;Links to Other Websites&lt;/h2&gt;
&lt;p&gt;Our Service may contain links to third-party web sites or services that are not owned or controlled by the Company.&lt;/p&gt;
&lt;p&gt;The Company has no control over, and assumes no responsibility for, the content, privacy policies, or practices of any third party web sites or services. You further acknowledge and agree that the Company shall not be responsible or liable, directly or indirectly, for any damage or loss caused or alleged to be caused by or in connection with the use of or reliance on any such content, goods or services available on or through any such web sites or services.&lt;/p&gt;
&lt;p&gt;We strongly advise You to read the terms and conditions and privacy policies of any third-party web sites or services that You visit.&lt;/p&gt;
&lt;h2&gt;Termination&lt;/h2&gt;
&lt;p&gt;We may terminate or suspend Your access immediately, without prior notice or liability, for any reason whatsoever, including without limitation if You breach these Terms and Conditions.&lt;/p&gt;
&lt;p&gt;Upon termination, Your right to use the Service will cease immediately.&lt;/p&gt;
&lt;h2&gt;Limitation of Liability&lt;/h2&gt;
&lt;p&gt;Notwithstanding any damages that You might incur, the entire liability of the Company and any of its suppliers under any provision of this Terms and Your exclusive remedy for all of the foregoing shall be limited to the amount actually paid by You through the Service or 100 USD if You haven’t purchased anything through the Service.&lt;/p&gt;
&lt;p&gt;To the maximum extent permitted by applicable law, in no event shall the Company or its suppliers be liable for any special, incidental, indirect, or consequential damages whatsoever (including, but not limited to, damages for loss of profits, loss of data or other information, for business interruption, for personal injury, loss of privacy arising out of or in any way related to the use of or inability to use the Service, third-party software and/or third-party hardware used with the Service, or otherwise in connection with any provision of this Terms), even if the Company or any supplier has been advised of the possibility of such damages and even if the remedy fails of its essential purpose.&lt;/p&gt;
&lt;p&gt;Some states do not allow the exclusion of implied warranties or limitation of liability for incidental or consequential damages, which means that some of the above limitations may not apply. In these states, each party’s liability will be limited to the greatest extent permitted by law.&lt;/p&gt;
&lt;h2&gt;‘AS IS’ and ‘AS AVAILABLE’ Disclaimer&lt;/h2&gt;
&lt;p&gt;The Service is provided to You ‘AS IS’ and ‘AS AVAILABLE’ and with all faults and defects without warranty of any kind. To the maximum extent permitted under applicable law, the Company, on its own behalf and on behalf of its Affiliates and its and their respective licensors and service providers, expressly disclaims all warranties, whether express, implied, statutory or otherwise, with respect to the Service, including all implied warranties of merchantability, fitness for a particular purpose, title and non-infringement, and warranties that may arise out of course of dealing, course of performance, usage or trade practice. Without limitation to the foregoing, the Company provides no warranty or undertaking, and makes no representation of any kind that the Service will meet Your requirements, achieve any intended results, be compatible or work with any other software, applications, systems or services, operate without interruption, meet any performance or reliability standards or be error free or that any errors or defects can or will be corrected.&lt;/p&gt;
&lt;p&gt;Without limiting the foregoing, neither the Company nor any of the company’s provider makes any representation or warranty of any kind, express or implied: (i) as to the operation or availability of the Service, or the information, content, and materials or products included thereon; (ii) that the Service will be uninterrupted or error-free; (iii) as to the accuracy, reliability, or currency of any information or content provided through the Service; or (iv) that the Service, its servers, the content, or e-mails sent from or on behalf of the Company are free of viruses, scripts, trojan horses, worms, malware, timebombs or other harmful components.&lt;/p&gt;
&lt;p&gt;Some jurisdictions do not allow the exclusion of certain types of warranties or limitations on applicable statutory rights of a consumer, so some or all of the above exclusions and limitations may not apply to You. But in such a case the exclusions and limitations set forth in this section shall be applied to the greatest extent enforceable under applicable law.&lt;/p&gt;
&lt;h2&gt;Governing Law&lt;/h2&gt;
&lt;p&gt;The laws of the Country, excluding its conflicts of law rules, shall govern this Terms and Your use of the Service. Your use of the Application may also be subject to other local, state, national, or international laws.&lt;/p&gt;
&lt;h2&gt;Disputes Resolution&lt;/h2&gt;
&lt;p&gt;If You have any concern or dispute about the Service, You agree to first try to resolve the dispute informally by contacting the Company.&lt;/p&gt;
&lt;h2&gt;For European Union (EU) Users&lt;/h2&gt;
&lt;p&gt;If You are a European Union consumer, you will benefit from any mandatory provisions of the law of the country in which you are resident in.&lt;/p&gt;
&lt;h2&gt;United States Legal Compliance&lt;/h2&gt;
&lt;p&gt;You represent and warrant that (i) You are not located in a country that is subject to the United States government embargo, or that has been designated by the United States government as a “terrorist supporting” country, and (ii) You are not listed on any United States government list of prohibited or restricted parties.&lt;/p&gt;
&lt;h2&gt;Severability and Waiver&lt;/h2&gt;
&lt;h3&gt;Severability&lt;/h3&gt;
&lt;p&gt;If any provision of these Terms is held to be unenforceable or invalid, such provision will be changed and interpreted to accomplish the objectives of such provision to the greatest extent possible under applicable law and the remaining provisions will continue in full force and effect.&lt;/p&gt;
&lt;h3&gt;Waiver&lt;/h3&gt;
&lt;p&gt;Except as provided herein, the failure to exercise a right or to require performance of an obligation under this Terms shall not effect a party’s ability to exercise such right or require such performance at any time thereafter nor shall be the waiver of a breach constitute a waiver of any subsequent breach.&lt;/p&gt;
&lt;h2&gt;Translation Interpretation&lt;/h2&gt;
&lt;p&gt;These Terms and Conditions may have been translated if We have made them available to You on our Service.&lt;/p&gt;
&lt;p&gt;You agree that the original English text shall prevail in the case of a dispute.&lt;/p&gt;
&lt;h2&gt;Changes to These Terms and Conditions&lt;/h2&gt;
&lt;p&gt;We reserve the right, at Our sole discretion, to modify or replace these Terms at any time. If a revision is material We will make reasonable efforts to provide at least 30 days’ notice prior to any new terms taking effect. What constitutes a material change will be determined at Our sole discretion.&lt;/p&gt;
&lt;p&gt;By continuing to access or use Our Service after those revisions become effective, You agree to be bound by the revised terms. If You do not agree to the new terms, in whole or in part, please stop using the website and the Service.&lt;/p&gt;
&lt;h2&gt;Contact Us&lt;/h2&gt;
&lt;p&gt;If you have any questions about these Terms and Conditions, You can contact us:&lt;/p&gt;
&lt;p&gt;By email: &lt;a href=&quot;mailto:info@tauideas.tech&quot;&gt;info@tauideas.tech&lt;/a&gt;&lt;/p&gt;</content:encoded></item><item><title><![CDATA[Migration of servers]]></title><description><![CDATA[The .NET ecosystem is currently evolving to new versions. Currently, with .NET 6 and the public availability of .NET MAUI these days, my…]]></description><link>https://tauideas.tech/blog/migration_servers/</link><guid isPermaLink="false">https://tauideas.tech/blog/migration_servers/</guid><pubDate>Tue, 28 Jun 2022 00:50:00 GMT</pubDate><content:encoded>&lt;p&gt;The .NET ecosystem is currently evolving to new versions. Currently, with .NET 6 and the public availability of .NET MAUI these days, my servers are obsolete. I have a virtual machine with an IIS installed. But the cost is very high for non-profit projects.&lt;/p&gt;
&lt;p&gt;The next month’s objective is to migrate my servers to Linux. Today I’m going to study the options I have:&lt;/p&gt;
&lt;ul&gt;
&lt;li&gt;Create a VM with Linux with a webserver to install my applications on it.&lt;/li&gt;
&lt;li&gt;Use a Linux hosting prepared to deploy .NET apps.&lt;/li&gt;
&lt;li&gt;Deploy in the cloud docker images (for example, Azure, AWS, etc.)&lt;/li&gt;
&lt;/ul&gt;
&lt;p&gt;I have a lot of old projects in different environments: Windows Forms, Web, and Mobile. The migration requires an upgrade to .NET 6, in the Xamarin projects the logical migration is the new .NET MAUI.&lt;/p&gt;
&lt;p&gt;Of course, several projects don’t go to be migrated. Maybe the knowledge was unnecessary and I’m going to close completly the repository.&lt;/p&gt;</content:encoded></item><item><title><![CDATA[Tauideas]]></title><description><![CDATA[Brief The Tauideas website will be for my use as a technical blog and portfolio. It starts with the minimum content and must be grown with…]]></description><link>https://tauideas.tech/project/tauideas/</link><guid isPermaLink="false">https://tauideas.tech/project/tauideas/</guid><pubDate>Thu, 02 Dec 2021 00:50:00 GMT</pubDate><content:encoded>&lt;h1&gt;Brief&lt;/h1&gt;
&lt;p&gt;The Tauideas website will be for my use as a technical blog and portfolio. It starts with the minimum content and must be grown with adding content.&lt;/p&gt;
&lt;p&gt;The be some sections: blog, project portfolio. Other sections will be added in the future.&lt;/p&gt;
&lt;h1&gt;Technology&lt;/h1&gt;
&lt;p&gt;The project is created with Gatsby front end. It allows creating static pages from markdown files. I use the basic template &lt;a href=&quot;https://www.gatsbyjs.com/starters/gatsbyjs/gatsby-starter-blog/&quot;&gt;https://www.gatsbyjs.com/starters/gatsbyjs/gatsby-starter-blog/&lt;/a&gt;.&lt;/p&gt;
&lt;p&gt;Gatsby cloud allows a deployment directly from the Github repository.&lt;/p&gt;
&lt;p&gt;All the code it’s done with Node.js, React and Markdown.&lt;/p&gt;</content:encoded></item><item><title><![CDATA[Giftsteer]]></title><description><![CDATA[Brief Giftsteer allows publish your wish list of presents to your family and friends to give them some ideas for the presents.
We have a…]]></description><link>https://tauideas.tech/project/giftsteer/</link><guid isPermaLink="false">https://tauideas.tech/project/giftsteer/</guid><pubDate>Thu, 02 Dec 2021 00:50:00 GMT</pubDate><content:encoded>&lt;h1&gt;Brief&lt;/h1&gt;
&lt;p&gt;Giftsteer allows publish your wish list of presents to your family and friends to give them some ideas for the presents.
We have a Secret Santa funtion with a simple lottery between your friends.&lt;/p&gt;
&lt;p&gt;&lt;a href=&quot;http://www.giftsteer.tauideas.tech/&quot;&gt;http://www.giftsteer.tauideas.tech/&lt;/a&gt;&lt;/p&gt;
&lt;h1&gt;Technology&lt;/h1&gt;
&lt;ul&gt;
&lt;li&gt;ASP.NET MVC 5&lt;/li&gt;
&lt;li&gt;.Net Framework 4.6&lt;/li&gt;
&lt;/ul&gt;</content:encoded></item><item><title><![CDATA[Starting again]]></title><description><![CDATA[After several years I start a new website with the objetive of show my hidden work to the world. This site is made with Gastby !(Gatsby.js…]]></description><link>https://tauideas.tech/blog/starting _again/</link><guid isPermaLink="false">https://tauideas.tech/blog/starting _again/</guid><pubDate>Fri, 26 Nov 2021 00:50:00 GMT</pubDate><content:encoded>&lt;p&gt;After several years I start a new website with the objetive of show my hidden work to the world.&lt;/p&gt;
&lt;p&gt;This site is made with Gastby !(Gatsby.js)[Gatsbyjs.com]. It’s my first project full in javascript.&lt;/p&gt;</content:encoded></item></channel></rss>