{"name":"build-javascript","namedChunkGroups":{"polyfill":{"name":"polyfill","assets":[{"name":"webpack-runtime-9ab008efc72c82963aa5.js","size":5511},{"name":"polyfill-b227d9031ab4094e5021.js","size":85856}],"filteredAssets":0,"assetsSize":91367,"filteredAuxiliaryAssets":2,"auxiliaryAssetsSize":229060},"app":{"name":"app","assets":[{"name":"webpack-runtime-9ab008efc72c82963aa5.js","size":5511},{"name":"styles.062a676cd977c048eab4.css","size":222756},{"name":"framework-e413e527015be9a1bdfd.js","size":129760},{"name":"app-0c9c3be8e06dab4f47f8.js","size":97338}],"filteredAssets":0,"assetsSize":455365,"filteredAuxiliaryAssets":55,"auxiliaryAssetsSize":1913230},"component---src-pages-404-js":{"name":"component---src-pages-404-js","assets":[{"name":"styles.062a676cd977c048eab4.css","size":222756},{"name":"commons-e251883b57745e141329.js","size":47404},{"name":"component---src-pages-404-js-ad751e2033d8d34805f4.js","size":550}],"filteredAssets":0,"assetsSize":270710,"filteredAuxiliaryAssets":54,"auxiliaryAssetsSize":1246817},"component---src-pages-blogs-js":{"name":"component---src-pages-blogs-js","assets":[{"name":"styles.062a676cd977c048eab4.css","size":222756},{"name":"commons-e251883b57745e141329.js","size":47404},{"name":"component---src-pages-blogs-js-69a06866842238ae10eb.js","size":1408}],"filteredAssets":0,"assetsSize":271568,"filteredAuxiliaryAssets":54,"auxiliaryAssetsSize":1249502},"component---src-pages-index-js":{"name":"component---src-pages-index-js","assets":[{"name":"styles.062a676cd977c048eab4.css","size":222756},{"name":"commons-e251883b57745e141329.js","size":47404},{"name":"component---src-pages-index-js-1b618452dda1ca22497e.js","size":1571}],"filteredAssets":0,"assetsSize":271731,"filteredAuxiliaryAssets":54,"auxiliaryAssetsSize":1249929},"component---src-pages-projects-js":{"name":"component---src-pages-projects-js","assets":[{"name":"styles.062a676cd977c048eab4.css","size":222756},{"name":"commons-e251883b57745e141329.js","size":47404},{"name":"component---src-pages-projects-js-2a750416e2b18eafbc18.js","size":1291}],"filteredAssets":0,"assetsSize":271451,"filteredAuxiliaryAssets":54,"auxiliaryAssetsSize":1249359},"component---src-pages-using-typescript-tsx":{"name":"component---src-pages-using-typescript-tsx","assets":[{"name":"styles.062a676cd977c048eab4.css","size":222756},{"name":"commons-e251883b57745e141329.js","size":47404},{"name":"component---src-pages-using-typescript-tsx-9f3bf311ed804b660208.js","size":1372}],"filteredAssets":0,"assetsSize":271532,"filteredAuxiliaryAssets":54,"auxiliaryAssetsSize":1247963},"component---src-templates-basic-page-js":{"name":"component---src-templates-basic-page-js","assets":[{"name":"styles.062a676cd977c048eab4.css","size":222756},{"name":"commons-e251883b57745e141329.js","size":47404},{"name":"component---src-templates-basic-page-js-02070d459c213c57e049.js","size":1721}],"filteredAssets":0,"assetsSize":271881,"filteredAuxiliaryAssets":54,"auxiliaryAssetsSize":1250820},"component---src-templates-blog-post-js":{"name":"component---src-templates-blog-post-js","assets":[{"name":"styles.062a676cd977c048eab4.css","size":222756},{"name":"commons-e251883b57745e141329.js","size":47404},{"name":"component---src-templates-blog-post-js-2ac16f49a9b1181a0844.js","size":1727}],"filteredAssets":0,"assetsSize":271887,"filteredAuxiliaryAssets":54,"auxiliaryAssetsSize":1250841},"component---src-templates-project-page-js":{"name":"component---src-templates-project-page-js","assets":[{"name":"styles.062a676cd977c048eab4.css","size":222756},{"name":"commons-e251883b57745e141329.js","size":47404},{"name":"component---src-templates-project-page-js-be7607a894688e8c0238.js","size":1736}],"filteredAssets":0,"assetsSize":271896,"filteredAuxiliaryAssets":54,"auxiliaryAssetsSize":1250862}},"assetsByChunkName":{"polyfill":["webpack-runtime-9ab008efc72c82963aa5.js","polyfill-b227d9031ab4094e5021.js"],"app":["webpack-runtime-9ab008efc72c82963aa5.js","styles.062a676cd977c048eab4.css","framework-e413e527015be9a1bdfd.js","app-0c9c3be8e06dab4f47f8.js"],"component---src-pages-404-js":["styles.062a676cd977c048eab4.css","commons-e251883b57745e141329.js","component---src-pages-404-js-ad751e2033d8d34805f4.js"],"component---src-pages-blogs-js":["styles.062a676cd977c048eab4.css","commons-e251883b57745e141329.js","component---src-pages-blogs-js-69a06866842238ae10eb.js"],"component---src-pages-index-js":["styles.062a676cd977c048eab4.css","commons-e251883b57745e141329.js","component---src-pages-index-js-1b618452dda1ca22497e.js"],"component---src-pages-projects-js":["styles.062a676cd977c048eab4.css","commons-e251883b57745e141329.js","component---src-pages-projects-js-2a750416e2b18eafbc18.js"],"component---src-pages-using-typescript-tsx":["styles.062a676cd977c048eab4.css","commons-e251883b57745e141329.js","component---src-pages-using-typescript-tsx-9f3bf311ed804b660208.js"],"component---src-templates-basic-page-js":["styles.062a676cd977c048eab4.css","commons-e251883b57745e141329.js","component---src-templates-basic-page-js-02070d459c213c57e049.js"],"component---src-templates-blog-post-js":["styles.062a676cd977c048eab4.css","commons-e251883b57745e141329.js","component---src-templates-blog-post-js-2ac16f49a9b1181a0844.js"],"component---src-templates-project-page-js":["styles.062a676cd977c048eab4.css","commons-e251883b57745e141329.js","component---src-templates-project-page-js-be7607a894688e8c0238.js"]},"childAssetsByChunkName":{}}